INSERT INTO ANFITRIAO VALUES ('Marcos Silva',           16988400409, 'RUA SAO JOAO 333/SAO PAULO/SAO PAULO',                          'M',  '1995-12-01',  'marcossilva@gmail.com',              'senhahnes123',     '4232467',  197548238,    2);
INSERT INTO ANFITRIAO VALUES ('Roberto Nascimento',     11755390409, 'RUA SAO PAULO 619/BELO HORIZONTE/MINAS GERAIS',                 'M',  '1988-10-21',  'roberto.nascimento@hotmail.com',     'senha123',         '7382123',  845385619,    1);
INSERT INTO ANFITRIAO VALUES ('Rodolfo Herrera',        13995398989, 'AVENIDA BRASIL 532/JOINVILLE/SANTA CATARINA',                   'M',  '1999-01-15',  'rodolfoh99@gmail.com',               'supersenha99',     '7495823',  980643951,    1);
INSERT INTO ANFITRIAO VALUES ('Fernando Dias',          11990402367, 'RUA SETE DE SETEMBRO 428/SAO CARLOS/SAO PAULO',                 'M',  '1977-07-07',  'fernaod777@gmail.com',               'senhamaluca11',    '8642985',  196457825,    0);
INSERT INTO ANFITRIAO VALUES ('Luan Santos',            16955103265, 'RUA QUINZE DE NOVEMBRO 394/PORTO SEGURO/BAHIA',                 'M',  '1979-11-19',  'luansan1979@hotmail.com',            'senhasenha1',      '1254985',  864523674,    0);
INSERT INTO ANFITRIAO VALUES ('Natalia Oliveira',       16993672546, 'AVENIDA TIRADENTES 324/GOIANIA/GOAIS',                          'F',  '1985-04-25',  'natoliva@yahoo.com.br',              'senhaforte2',      '6572954',  974526745,    1);
INSERT INTO ANFITRIAO VALUES ('Giovana Ribeiro',        11995457902, 'RUA DUQUE DE CAXIAS 101/ARARAQUARA/SAO PAULO',                  'F',  '1971-02-21',  'giovana.ribeiro@outlook.com',        'password123',      '1934675',  274839584,    2);
INSERT INTO ANFITRIAO VALUES ('Paula Correira',         19963128788, 'RUA DAS FLORES 123/RIO DE JANEIRO/RIO DE JANEIRO',              'F',  '1988-03-30',  'pcorreira88@outlook.com',            'senhasecreta9',    '1905764',  365748905,    2);
INSERT INTO ANFITRIAO VALUES ('Laura Moreira',          13996400201, 'AVENIDA PRIMEIRO DE MAIO 953/NATAL/RIO GRANDE DO NORTE',        'F',  '1991-09-12',  'laura1991@yahoo.com.br',             'senhafraca5',      '1749206',  756473895,    1);
INSERT INTO ANFITRIAO VALUES ('Patricia Carvalho',      11992402367, 'AVENIDA SANTOS DUMONT 306/ANGRA DOS REIS/RIO DE JANEIRO',       'F',  '1987-05-17',  'patriciacarv@gmail.com',             'senhaforte99',     '1964254',  556475896,    2);

INSERT INTO LOCATARIO VALUES ('Marcos Silva',               16988400409, 'RUA SAO JOAO 333/SAO PAULO/SAO PAULO',                              'M',  '1995-12-01',  'marcossilva@gmail.com',      'senhahnes123');
INSERT INTO LOCATARIO VALUES ('Fagner Teixeira',            11955422349, 'RUA JOSE BONIFACIO 300/PORTO ALEGRE/RIO GRANDE DO SUL',             'M',  '1993-10-11',  'fagnerteixeira@outlook.com', 'hipersenha123');
INSERT INTO LOCATARIO VALUES ('Lucas Alves',                11942807141, 'AVENIDA SANTA MARIA 945/FORTALEZA/CEARA',                           'M',  '1987-07-04',  'lucas.alves@yahoo.com.br',   'crazypassword23');
INSERT INTO LOCATARIO VALUES ('Vitor Gomes',                13991674270, 'AVENIDA DOM PEDRO II 150/VITORIA/ESPIRITO SANTO',                   'M',  '2000-02-23',  'vitor.gomes00@outlook.com',  'senhasinquebraveis99');
INSERT INTO LOCATARIO VALUES ('Luan Santos',                16955103265, 'RUA QUINZE DE NOVEMBRO 394/PORTO SEGURO/BAHIA',                     'M',  '1969-11-19',  'luansan1979@hotmail.com',    'senhasenha1');

INSERT INTO LOCATARIO VALUES ('Natalia Oliveira',           16993672546, 'AVENIDA TIRADENTES 324/GOIANIA/GOAIS',                              'F',  '1985-04-25',  'natoliva@yahoo.com.br',      'senhaforte2');
INSERT INTO LOCATARIO VALUES ('Maria Jesus',                11936667450, 'RUA SANTA RITA 750/BELEM/PARA',                                     'F',  '2001-06-06',  'jesusmaria01@gmail.com',     'passwordtest29');
INSERT INTO LOCATARIO VALUES ('Fernanda Martins',           19993266929, 'RUA RUI BARBOSA 800/CUIABA/MATO GROSSO',                            'F',  '1975-07-13',  'fermartins75@gmail.com',     'senhateste85');
INSERT INTO LOCATARIO VALUES ('Mariana Lopes',              16932708157, 'RUA SANTOS DUMONT 200/PALMAS/TOCANTINS',                            'F',  '1998-01-01',  'marianalopes@hotmail.com',   'minhasenha578');
INSERT INTO LOCATARIO VALUES ('Carolina Ferreira',          11913335764, 'RUA SAO JOSE 503/ARACAJU/SERGIPE',                                  'F',  '1995-09-20',  'carolfer95@yahoo.com.br',    'nossasenha694');

INSERT INTO PROPRIEDADE VALUES ('Linda Casa de Campo',  'RUA GRAUNA 120/SAO PAULO/SAO PAULO',               'Marcos Silva',         16988400409, FALSE, 500,   2, 2, 6, 1, 14, 200, '10:00:00', '18:00:00');
INSERT INTO PROPRIEDADE VALUES ('Linda Casa do Lago',   'RUA VERDE 231/BELO HORIZONTE/MINAS GERAIS',        'Roberto Nascimento',   11755390409, FALSE, 700,   1, 1, 3, 1, 10, 300, '12:00:00', '18:00:00');
INSERT INTO PROPRIEDADE VALUES ('Casa de Ferias',       'AVENIDA ALMEIDA 555/JOINVILLE/SANTA CATARINA',     'Rodolfo Herrera',      13995398989, FALSE, 1000,  3, 3, 8, 3, 14, 500, '10:00:00', '20:00:00');
INSERT INTO PROPRIEDADE VALUES ('Casa Grande',          'RUA BARRETO LEME 900/SAO CARLOS/SAO PAULO',        'Fernando Dias',        11990402367, FALSE, 650,   2, 1, 3, 3, 14, 200, '08:00:00', '16:00:00');
INSERT INTO PROPRIEDADE VALUES ('Casa da Praia',        'AVENIDA IPIRINGA 345/PORTO SEGURO/BAHIA',          'Luan Santos',          16955103265, FALSE, 1250,  3, 2, 6, 3, 10, 250, '06:00:00', '18:00:00');
INSERT INTO PROPRIEDADE VALUES ('Casa do Morro',        'RUA PEDROSO 777/GOIANIA/GOAIS',                    'Natalia Oliveira',     16993672546, FALSE, 600,   4, 3, 9, 1, 20, 300, '10:00:00', '16:00:00');
INSERT INTO PROPRIEDADE VALUES ('Casa Dividida',        'AVENIDA PAULISTA 912/ARARAQUARA/SAO PAULO',        'Giovana Ribeiro',      11995457902, TRUE,  350,   1, 2, 6, 1, 14, 100, '12:00:00', '14:00:00');
INSERT INTO PROPRIEDADE VALUES ('Apartamento Dividido', 'RUA GLICERIO 250/RIO DE JANEIRO/RIO DE JANEIRO',   'Paula Correira',       19963128788, TRUE,  250,   2, 2, 5, 1, 10, 100, '14:00:00', '20:00:00');
INSERT INTO PROPRIEDADE VALUES ('Casa Pe na Praia',     'RUA FLORA 881/NATAL/RIO GRANDE DO NORTE',          'Laura Moreira',        13996400201, FALSE, 1500,  3, 2, 4, 2, 20, 550, '12:00:00', '16:00:00');
INSERT INTO PROPRIEDADE VALUES ('Casa Bem Localizada',  'AVENIDA MOCCA 549/ANGRA DOS REIS/RIO DE JANEIRO',  'Patricia Carvalho',    11992402367, FALSE, 2000,  3, 2, 5, 2, 20, 700, '10:00:00', '18:00:00');

INSERT INTO QUARTO VALUES(1,'Linda Casa de Campo',  'RUA GRAUNA 120/SAO PAULO/SAO PAULO',               2);
INSERT INTO QUARTO VALUES(2,'Linda Casa de Campo',  'RUA GRAUNA 120/SAO PAULO/SAO PAULO',               1);
INSERT INTO QUARTO VALUES(1,'Linda Casa do Lago',   'RUA VERDE 231/BELO HORIZONTE/MINAS GERAIS',        3);
INSERT INTO QUARTO VALUES(1,'Casa de Ferias',       'AVENIDA ALMEIDA 555/JOINVILLE/SANTA CATARINA',     1);
INSERT INTO QUARTO VALUES(2,'Casa de Ferias',       'AVENIDA ALMEIDA 555/JOINVILLE/SANTA CATARINA',     2);
INSERT INTO QUARTO VALUES(3,'Casa de Ferias',       'AVENIDA ALMEIDA 555/JOINVILLE/SANTA CATARINA',     2);
INSERT INTO QUARTO VALUES(1,'Casa Grande',          'RUA BARRETO LEME 900/SAO CARLOS/SAO PAULO',        4);
INSERT INTO QUARTO VALUES(1,'Casa da Praia',        'AVENIDA IPIRINGA 345/PORTO SEGURO/BAHIA',          1);
INSERT INTO QUARTO VALUES(2,'Casa da Praia',        'AVENIDA IPIRINGA 345/PORTO SEGURO/BAHIA',          2);
INSERT INTO QUARTO VALUES(1,'Casa do Morro',        'RUA PEDROSO 777/GOIANIA/GOAIS',                    1);
INSERT INTO QUARTO VALUES(2,'Casa do Morro',        'RUA PEDROSO 777/GOIANIA/GOAIS',                    2);
INSERT INTO QUARTO VALUES(3,'Casa do Morro',        'RUA PEDROSO 777/GOIANIA/GOAIS',                    3);
INSERT INTO QUARTO VALUES(1,'Casa Dividida',        'AVENIDA PAULISTA 912/ARARAQUARA/SAO PAULO',        2);
INSERT INTO QUARTO VALUES(2,'Casa Dividida',        'AVENIDA PAULISTA 912/ARARAQUARA/SAO PAULO',        2);
INSERT INTO QUARTO VALUES(1,'Apartamento Dividido', 'RUA GLICERIO 250/RIO DE JANEIRO/RIO DE JANEIRO',   3);
INSERT INTO QUARTO VALUES(2,'Apartamento Dividido', 'RUA GLICERIO 250/RIO DE JANEIRO/RIO DE JANEIRO',   3);
INSERT INTO QUARTO VALUES(1,'Casa Pe na Praia',     'RUA FLORA 881/NATAL/RIO GRANDE DO NORTE',          1);
INSERT INTO QUARTO VALUES(2,'Casa Pe na Praia',     'RUA FLORA 881/NATAL/RIO GRANDE DO NORTE',          1);
INSERT INTO QUARTO VALUES(1,'Casa Bem Localizada',  'AVENIDA MOCCA 549/ANGRA DOS REIS/RIO DE JANEIRO',  2);
INSERT INTO QUARTO VALUES(2,'Casa Bem Localizada',  'AVENIDA MOCCA 549/ANGRA DOS REIS/RIO DE JANEIRO',  1);

INSERT INTO CAMA VALUES(1,  1,  'Linda Casa de Campo',  'RUA GRAUNA 120/SAO PAULO/SAO PAULO',               'CAMA DE CASAL');
INSERT INTO CAMA VALUES(2,  1,  'Linda Casa de Campo',  'RUA GRAUNA 120/SAO PAULO/SAO PAULO',               'CAMA DE SOLTEIRO');
INSERT INTO CAMA VALUES(1,  2,  'Linda Casa de Campo',  'RUA GRAUNA 120/SAO PAULO/SAO PAULO',               'CAMA DE CASAL KING SIZE');
INSERT INTO CAMA VALUES(1,  1,  'Linda Casa do Lago',   'RUA VERDE 231/BELO HORIZONTE/MINAS GERAIS',        'CAMA DE CASAL');
INSERT INTO CAMA VALUES(2,  1,  'Linda Casa do Lago',   'RUA VERDE 231/BELO HORIZONTE/MINAS GERAIS',        'CAMA DE CASAL');
INSERT INTO CAMA VALUES(3,  1,  'Linda Casa do Lago',   'RUA VERDE 231/BELO HORIZONTE/MINAS GERAIS',        'CAMA DE CASAL');
INSERT INTO CAMA VALUES(1,  1,  'Casa de Ferias',       'AVENIDA ALMEIDA 555/JOINVILLE/SANTA CATARINA',     'CAMA DE CASAL QUEEN SIZE');
INSERT INTO CAMA VALUES(1,  2,  'Casa de Ferias',       'AVENIDA ALMEIDA 555/JOINVILLE/SANTA CATARINA',     'CAMA DE SOLTEIRO');
INSERT INTO CAMA VALUES(2,  2,  'Casa de Ferias',       'AVENIDA ALMEIDA 555/JOINVILLE/SANTA CATARINA',     'CAMA DE SOLTEIRO');
INSERT INTO CAMA VALUES(1,  3,  'Casa de Ferias',       'AVENIDA ALMEIDA 555/JOINVILLE/SANTA CATARINA',     'CAMA DE CASAL QUEEN SIZE');
INSERT INTO CAMA VALUES(2,  3,  'Casa de Ferias',       'AVENIDA ALMEIDA 555/JOINVILLE/SANTA CATARINA',     'CAMA DE SOLTEIRO');
INSERT INTO CAMA VALUES(1,  1,  'Casa Grande',          'RUA BARRETO LEME 900/SAO CARLOS/SAO PAULO',        'CAMA DE CASAL');
INSERT INTO CAMA VALUES(2,  1,  'Casa Grande',          'RUA BARRETO LEME 900/SAO CARLOS/SAO PAULO',        'CAMA DE CASAL');
INSERT INTO CAMA VALUES(3,  1,  'Casa Grande',          'RUA BARRETO LEME 900/SAO CARLOS/SAO PAULO',        'CAMA DE SOLTEIRO');
INSERT INTO CAMA VALUES(4,  1,  'Casa Grande',          'RUA BARRETO LEME 900/SAO CARLOS/SAO PAULO',        'CAMA DE SOLTEIRO');
INSERT INTO CAMA VALUES(1,  1,  'Casa da Praia',        'AVENIDA IPIRINGA 345/PORTO SEGURO/BAHIA',          'CAMA DE CASAL KING SIZE');
INSERT INTO CAMA VALUES(1,  2,  'Casa da Praia',        'AVENIDA IPIRINGA 345/PORTO SEGURO/BAHIA',          'CAMA DE CASAL');
INSERT INTO CAMA VALUES(2,  2,  'Casa da Praia',        'AVENIDA IPIRINGA 345/PORTO SEGURO/BAHIA',          'CAMA DE CASAL');
INSERT INTO CAMA VALUES(1,  1,  'Casa do Morro',        'RUA PEDROSO 777/GOIANIA/GOAIS',                    'CAMA DE CASAL KING SIZE');
INSERT INTO CAMA VALUES(1,  2,  'Casa do Morro',        'RUA PEDROSO 777/GOIANIA/GOAIS',                    'CAMA DE CASAL');
INSERT INTO CAMA VALUES(2,  2,  'Casa do Morro',        'RUA PEDROSO 777/GOIANIA/GOAIS',                    'CAMA DE CASAL');
INSERT INTO CAMA VALUES(1,  3,  'Casa do Morro',        'RUA PEDROSO 777/GOIANIA/GOAIS',                    'CAMA DE SOLTEIRO');
INSERT INTO CAMA VALUES(2,  3,  'Casa do Morro',        'RUA PEDROSO 777/GOIANIA/GOAIS',                    'CAMA DE SOLTEIRO');
INSERT INTO CAMA VALUES(3,  3,  'Casa do Morro',        'RUA PEDROSO 777/GOIANIA/GOAIS',                    'CAMA DE SOLTEIRO');
INSERT INTO CAMA VALUES(1,  1,  'Casa Dividida',        'AVENIDA PAULISTA 912/ARARAQUARA/SAO PAULO',        'CAMA DE CASAL');
INSERT INTO CAMA VALUES(2,  1,  'Casa Dividida',        'AVENIDA PAULISTA 912/ARARAQUARA/SAO PAULO',        'CAMA DE SOLTEIRO');
INSERT INTO CAMA VALUES(1,  2,  'Casa Dividida',        'AVENIDA PAULISTA 912/ARARAQUARA/SAO PAULO',        'CAMA DE CASAL');
INSERT INTO CAMA VALUES(2,  2,  'Casa Dividida',        'AVENIDA PAULISTA 912/ARARAQUARA/SAO PAULO',        'CAMA DE SOLTEIRO');
INSERT INTO CAMA VALUES(1,  1,  'Apartamento Dividido', 'RUA GLICERIO 250/RIO DE JANEIRO/RIO DE JANEIRO',   'CAMA DE SOLTEIRO');
INSERT INTO CAMA VALUES(2,  1,  'Apartamento Dividido', 'RUA GLICERIO 250/RIO DE JANEIRO/RIO DE JANEIRO',   'CAMA DE SOLTEIRO');
INSERT INTO CAMA VALUES(3,  1,  'Apartamento Dividido', 'RUA GLICERIO 250/RIO DE JANEIRO/RIO DE JANEIRO',   'CAMA DE CASAL');
INSERT INTO CAMA VALUES(1,  2,  'Apartamento Dividido', 'RUA GLICERIO 250/RIO DE JANEIRO/RIO DE JANEIRO',   'CAMA DE SOLTEIRO');
INSERT INTO CAMA VALUES(2,  2,  'Apartamento Dividido', 'RUA GLICERIO 250/RIO DE JANEIRO/RIO DE JANEIRO',   'CAMA DE SOLTEIRO');
INSERT INTO CAMA VALUES(3,  2,  'Apartamento Dividido', 'RUA GLICERIO 250/RIO DE JANEIRO/RIO DE JANEIRO',   'CAMA DE CASAL');
INSERT INTO CAMA VALUES(1,  1,  'Casa Pe na Praia',     'RUA FLORA 881/NATAL/RIO GRANDE DO NORTE',          'CAMA DE CASAL KING SIZE');
INSERT INTO CAMA VALUES(1,  2,  'Casa Pe na Praia',     'RUA FLORA 881/NATAL/RIO GRANDE DO NORTE',          'CAMA DE CASAL QUEEN SIZE');
INSERT INTO CAMA VALUES(1,  1,  'Casa Bem Localizada',  'AVENIDA MOCCA 549/ANGRA DOS REIS/RIO DE JANEIRO',  'CAMA DE SOLTEIRO');
INSERT INTO CAMA VALUES(2,  1,  'Casa Bem Localizada',  'AVENIDA MOCCA 549/ANGRA DOS REIS/RIO DE JANEIRO',  'CAMA DE SOLTEIRO');
INSERT INTO CAMA VALUES(1,  2,  'Casa Bem Localizada',  'AVENIDA MOCCA 549/ANGRA DOS REIS/RIO DE JANEIRO',  'CAMA DE CASAL KING SIZE');

INSERT INTO REGRA VALUES('PODE ANIMAIS DE ESTIMACAO');
INSERT INTO REGRA VALUES('PODE FUMAR');
INSERT INTO REGRA VALUES('PODE FAZER EVENTO');
INSERT INTO REGRA VALUES('PODE RECEBER VISITAS');
INSERT INTO REGRA VALUES('PODE TRAZER COLCHAO');
INSERT INTO REGRA VALUES('PODE ESTACIONAR');
INSERT INTO REGRA VALUES('PODE FAZER BARULHO ANTES 22H');
INSERT INTO REGRA VALUES('PODE FAZER BARULHO APOS 22H');
INSERT INTO REGRA VALUES('PODE FILMAR COMERCIALMENTE');
INSERT INTO REGRA VALUES('PODE FOTOGRAFAR COMERCIALMENTE');

INSERT INTO PROPRIEDADE_POSSUI_REGRA VALUES('PODE FUMAR',                      'Linda Casa de Campo',  'RUA GRAUNA 120/SAO PAULO/SAO PAULO',               TRUE);
INSERT INTO PROPRIEDADE_POSSUI_REGRA VALUES('PODE FAZER EVENTO',               'Linda Casa de Campo',  'RUA GRAUNA 120/SAO PAULO/SAO PAULO',               TRUE);
INSERT INTO PROPRIEDADE_POSSUI_REGRA VALUES('PODE ESTACIONAR',                 'Linda Casa de Campo',  'RUA GRAUNA 120/SAO PAULO/SAO PAULO',               TRUE);
INSERT INTO PROPRIEDADE_POSSUI_REGRA VALUES('PODE ESTACIONAR',                 'Linda Casa do Lago',   'RUA VERDE 231/BELO HORIZONTE/MINAS GERAIS',        TRUE);
INSERT INTO PROPRIEDADE_POSSUI_REGRA VALUES('PODE FILMAR COMERCIALMENTE',      'Casa de Ferias',       'AVENIDA ALMEIDA 555/JOINVILLE/SANTA CATARINA',     TRUE);
INSERT INTO PROPRIEDADE_POSSUI_REGRA VALUES('PODE ANIMAIS DE ESTIMACAO',       'Casa de Ferias',       'AVENIDA ALMEIDA 555/JOINVILLE/SANTA CATARINA',     TRUE);
INSERT INTO PROPRIEDADE_POSSUI_REGRA VALUES('PODE FAZER BARULHO APOS 22H',     'Casa de Ferias',       'AVENIDA ALMEIDA 555/JOINVILLE/SANTA CATARINA',     TRUE);
INSERT INTO PROPRIEDADE_POSSUI_REGRA VALUES('PODE RECEBER VISITAS',            'Casa Grande',          'RUA BARRETO LEME 900/SAO CARLOS/SAO PAULO',        TRUE);
INSERT INTO PROPRIEDADE_POSSUI_REGRA VALUES('PODE FAZER BARULHO ANTES 22H',    'Casa Grande',          'RUA BARRETO LEME 900/SAO CARLOS/SAO PAULO',        TRUE);
INSERT INTO PROPRIEDADE_POSSUI_REGRA VALUES('PODE FOTOGRAFAR COMERCIALMENTE',  'Casa Grande',          'RUA BARRETO LEME 900/SAO CARLOS/SAO PAULO',        TRUE);
INSERT INTO PROPRIEDADE_POSSUI_REGRA VALUES('PODE FUMAR',                      'Casa da Praia',        'AVENIDA IPIRINGA 345/PORTO SEGURO/BAHIA',          TRUE);
INSERT INTO PROPRIEDADE_POSSUI_REGRA VALUES('PODE FUMAR',                      'Casa do Morro',        'RUA PEDROSO 777/GOIANIA/GOAIS',                    TRUE);
INSERT INTO PROPRIEDADE_POSSUI_REGRA VALUES('PODE FILMAR COMERCIALMENTE',      'Casa Dividida',        'AVENIDA PAULISTA 912/ARARAQUARA/SAO PAULO',        TRUE);
INSERT INTO PROPRIEDADE_POSSUI_REGRA VALUES('PODE ANIMAIS DE ESTIMACAO',       'Apartamento Dividido', 'RUA GLICERIO 250/RIO DE JANEIRO/RIO DE JANEIRO',   TRUE);
INSERT INTO PROPRIEDADE_POSSUI_REGRA VALUES('PODE FAZER EVENTO',               'Apartamento Dividido', 'RUA GLICERIO 250/RIO DE JANEIRO/RIO DE JANEIRO',   TRUE);
INSERT INTO PROPRIEDADE_POSSUI_REGRA VALUES('PODE FAZER EVENTO',               'Casa Pe na Praia',     'RUA FLORA 881/NATAL/RIO GRANDE DO NORTE',          TRUE);
INSERT INTO PROPRIEDADE_POSSUI_REGRA VALUES('PODE RECEBER VISITAS',            'Casa Pe na Praia',     'RUA FLORA 881/NATAL/RIO GRANDE DO NORTE',          TRUE);
INSERT INTO PROPRIEDADE_POSSUI_REGRA VALUES('PODE TRAZER COLCHAO',             'Casa Pe na Praia',     'RUA FLORA 881/NATAL/RIO GRANDE DO NORTE',          TRUE);
INSERT INTO PROPRIEDADE_POSSUI_REGRA VALUES('PODE ANIMAIS DE ESTIMACAO',       'Casa Bem Localizada',  'AVENIDA MOCCA 549/ANGRA DOS REIS/RIO DE JANEIRO',  TRUE);
INSERT INTO PROPRIEDADE_POSSUI_REGRA VALUES('PODE ESTACIONAR',                 'Casa Bem Localizada',  'AVENIDA MOCCA 549/ANGRA DOS REIS/RIO DE JANEIRO',  TRUE);

INSERT INTO COMODIDADE VALUES('WIFI');
INSERT INTO COMODIDADE VALUES('AR-CONDICIONADO');
INSERT INTO COMODIDADE VALUES('PISCINA');
INSERT INTO COMODIDADE VALUES('ROUPA DE CAMA');
INSERT INTO COMODIDADE VALUES('TRAVESSEIRO');
INSERT INTO COMODIDADE VALUES('BANHEIRA');
INSERT INTO COMODIDADE VALUES('CHURRASQUEIRA');
INSERT INTO COMODIDADE VALUES('MESA DE SINUCA');
INSERT INTO COMODIDADE VALUES('TELEVISAO');
INSERT INTO COMODIDADE VALUES('QUADRA FUTEBOL');

INSERT INTO PROPRIEDADE_POSSUI_COMODIDADE VALUES('WIFI',             'Linda Casa de Campo',  'RUA GRAUNA 120/SAO PAULO/SAO PAULO',               TRUE);
INSERT INTO PROPRIEDADE_POSSUI_COMODIDADE VALUES('AR-CONDICIONADO',  'Linda Casa de Campo',  'RUA GRAUNA 120/SAO PAULO/SAO PAULO',               TRUE);
INSERT INTO PROPRIEDADE_POSSUI_COMODIDADE VALUES('PISCINA',          'Linda Casa de Campo',  'RUA GRAUNA 120/SAO PAULO/SAO PAULO',               TRUE);
INSERT INTO PROPRIEDADE_POSSUI_COMODIDADE VALUES('ROUPA DE CAMA',    'Linda Casa do Lago',   'RUA VERDE 231/BELO HORIZONTE/MINAS GERAIS',        TRUE);
INSERT INTO PROPRIEDADE_POSSUI_COMODIDADE VALUES('TRAVESSEIRO',      'Casa de Ferias',       'AVENIDA ALMEIDA 555/JOINVILLE/SANTA CATARINA',     TRUE);
INSERT INTO PROPRIEDADE_POSSUI_COMODIDADE VALUES('BANHEIRA',         'Casa de Ferias',       'AVENIDA ALMEIDA 555/JOINVILLE/SANTA CATARINA',     TRUE);
INSERT INTO PROPRIEDADE_POSSUI_COMODIDADE VALUES('CHURRASQUEIRA',    'Casa de Ferias',       'AVENIDA ALMEIDA 555/JOINVILLE/SANTA CATARINA',     TRUE);
INSERT INTO PROPRIEDADE_POSSUI_COMODIDADE VALUES('MESA DE SINUCA',   'Casa Grande',          'RUA BARRETO LEME 900/SAO CARLOS/SAO PAULO',        TRUE);
INSERT INTO PROPRIEDADE_POSSUI_COMODIDADE VALUES('TELEVISAO',        'Casa Grande',          'RUA BARRETO LEME 900/SAO CARLOS/SAO PAULO',        TRUE);
INSERT INTO PROPRIEDADE_POSSUI_COMODIDADE VALUES('QUADRA FUTEBOL',   'Casa Grande',          'RUA BARRETO LEME 900/SAO CARLOS/SAO PAULO',        TRUE);
INSERT INTO PROPRIEDADE_POSSUI_COMODIDADE VALUES('WIFI',             'Casa da Praia',        'AVENIDA IPIRINGA 345/PORTO SEGURO/BAHIA',          TRUE);
INSERT INTO PROPRIEDADE_POSSUI_COMODIDADE VALUES('AR-CONDICIONADO',  'Casa do Morro',        'RUA PEDROSO 777/GOIANIA/GOAIS',                    TRUE);
INSERT INTO PROPRIEDADE_POSSUI_COMODIDADE VALUES('PISCINA',          'Casa Dividida',        'AVENIDA PAULISTA 912/ARARAQUARA/SAO PAULO',        TRUE);
INSERT INTO PROPRIEDADE_POSSUI_COMODIDADE VALUES('ROUPA DE CAMA',    'Apartamento Dividido', 'RUA GLICERIO 250/RIO DE JANEIRO/RIO DE JANEIRO',   TRUE);
INSERT INTO PROPRIEDADE_POSSUI_COMODIDADE VALUES('TRAVESSEIRO',      'Apartamento Dividido', 'RUA GLICERIO 250/RIO DE JANEIRO/RIO DE JANEIRO',   TRUE);
INSERT INTO PROPRIEDADE_POSSUI_COMODIDADE VALUES('BANHEIRA',         'Casa Pe na Praia',     'RUA FLORA 881/NATAL/RIO GRANDE DO NORTE',          TRUE);
INSERT INTO PROPRIEDADE_POSSUI_COMODIDADE VALUES('CHURRASQUEIRA',    'Casa Pe na Praia',     'RUA FLORA 881/NATAL/RIO GRANDE DO NORTE',          TRUE);
INSERT INTO PROPRIEDADE_POSSUI_COMODIDADE VALUES('MESA DE SINUCA',   'Casa Pe na Praia',     'RUA FLORA 881/NATAL/RIO GRANDE DO NORTE',          TRUE);
INSERT INTO PROPRIEDADE_POSSUI_COMODIDADE VALUES('TELEVISAO',        'Casa Bem Localizada',  'AVENIDA MOCCA 549/ANGRA DOS REIS/RIO DE JANEIRO',  TRUE);
INSERT INTO PROPRIEDADE_POSSUI_COMODIDADE VALUES('QUADRA FUTEBOL',   'Casa Bem Localizada',  'AVENIDA MOCCA 549/ANGRA DOS REIS/RIO DE JANEIRO',  TRUE);

INSERT INTO DISPONIBILIDADE VALUES('2024-06-01','2024-12-31', 'Linda Casa de Campo',    'RUA GRAUNA 120/SAO PAULO/SAO PAULO');
INSERT INTO DISPONIBILIDADE VALUES('2024-06-01','2024-06-30', 'Linda Casa do Lago',     'RUA VERDE 231/BELO HORIZONTE/MINAS GERAIS');
INSERT INTO DISPONIBILIDADE VALUES('2024-08-01','2024-08-14', 'Linda Casa do Lago',     'RUA VERDE 231/BELO HORIZONTE/MINAS GERAIS');
INSERT INTO DISPONIBILIDADE VALUES('2024-09-01','2024-12-31', 'Linda Casa do Lago',     'RUA VERDE 231/BELO HORIZONTE/MINAS GERAIS');
INSERT INTO DISPONIBILIDADE VALUES('2024-08-01','2024-10-15', 'Casa de Ferias',         'AVENIDA ALMEIDA 555/JOINVILLE/SANTA CATARINA');
INSERT INTO DISPONIBILIDADE VALUES('2024-09-10','2024-10-30', 'Casa de Ferias',         'AVENIDA ALMEIDA 555/JOINVILLE/SANTA CATARINA');
INSERT INTO DISPONIBILIDADE VALUES('2024-12-01','2024-12-20', 'Casa de Ferias',         'AVENIDA ALMEIDA 555/JOINVILLE/SANTA CATARINA');
INSERT INTO DISPONIBILIDADE VALUES('2024-06-14','2024-07-15', 'Casa Grande',            'RUA BARRETO LEME 900/SAO CARLOS/SAO PAULO');
INSERT INTO DISPONIBILIDADE VALUES('2024-09-01','2024-12-26', 'Casa Grande',            'RUA BARRETO LEME 900/SAO CARLOS/SAO PAULO');
INSERT INTO DISPONIBILIDADE VALUES('2024-08-01','2024-09-30', 'Casa da Praia',          'AVENIDA IPIRINGA 345/PORTO SEGURO/BAHIA');
INSERT INTO DISPONIBILIDADE VALUES('2024-12-01','2024-12-31', 'Casa da Praia',          'AVENIDA IPIRINGA 345/PORTO SEGURO/BAHIA');
INSERT INTO DISPONIBILIDADE VALUES('2024-08-10','2024-08-31', 'Casa do Morro',          'RUA PEDROSO 777/GOIANIA/GOAIS');
INSERT INTO DISPONIBILIDADE VALUES('2024-09-15','2024-10-15', 'Casa do Morro',          'RUA PEDROSO 777/GOIANIA/GOAIS');
INSERT INTO DISPONIBILIDADE VALUES('2024-07-15','2024-07-31', 'Casa Dividida',          'AVENIDA PAULISTA 912/ARARAQUARA/SAO PAULO');
INSERT INTO DISPONIBILIDADE VALUES('2024-11-01','2024-12-10', 'Casa Dividida',          'AVENIDA PAULISTA 912/ARARAQUARA/SAO PAULO');
INSERT INTO DISPONIBILIDADE VALUES('2024-09-01','2024-10-15', 'Apartamento Dividido',   'RUA GLICERIO 250/RIO DE JANEIRO/RIO DE JANEIRO');
INSERT INTO DISPONIBILIDADE VALUES('2024-11-20','2024-12-31', 'Apartamento Dividido',   'RUA GLICERIO 250/RIO DE JANEIRO/RIO DE JANEIRO');
INSERT INTO DISPONIBILIDADE VALUES('2024-06-01','2024-06-15', 'Casa Pe na Praia',       'RUA FLORA 881/NATAL/RIO GRANDE DO NORTE');
INSERT INTO DISPONIBILIDADE VALUES('2024-08-01','2024-11-10', 'Casa Pe na Praia',       'RUA FLORA 881/NATAL/RIO GRANDE DO NORTE');
INSERT INTO DISPONIBILIDADE VALUES('2024-11-01','2024-11-25', 'Casa Bem Localizada',    'AVENIDA MOCCA 549/ANGRA DOS REIS/RIO DE JANEIRO');

INSERT INTO ESTADIA VALUES('2024-08-15', 'Marcos Silva',         16988400409, 'Linda Casa de Campo',    'RUA GRAUNA 120/SAO PAULO/SAO PAULO',                'Fagner Teixeira',      11955422349, '2024-08-26', '2024-05-01 14:30:15', 4, 5500,    800,    200, 'PRIMEIRACASA',        500,    '2024-05-10 18:30:13');
INSERT INTO ESTADIA VALUES('2024-07-01', 'Roberto Nascimento',   11755390409, 'Linda Casa do Lago',     'RUA VERDE 231/BELO HORIZONTE/MINAS GERAIS',         'Marcos Silva',         16988400409, '2024-07-11', '2024-02-15 11:22:15', 5, 8000,    700,    300, NULL,                  0,      '2024-03-15 22:22:12');
INSERT INTO ESTADIA VALUES('2024-07-10', 'Rodolfo Herrera',      13995398989, 'Casa de Ferias',         'AVENIDA ALMEIDA 555/JOINVILLE/SANTA CATARINA',      'Lucas Alves',          11942807141, '2024-07-16', '2024-03-12 08:35:25', 2, 6000,    1000,   500, 'DESCONTO',            500,    '2024-04-13 17:32:11');
INSERT INTO ESTADIA VALUES('2024-06-07', 'Fernando Dias',        11990402367, 'Casa Grande',            'RUA BARRETO LEME 900/SAO CARLOS/SAO PAULO',         'Vitor Gomes',          13991674270, '2024-06-15', '2024-04-25 17:33:25', 5, 5000,    250,    200, NULL,                  0,      NULL);
INSERT INTO ESTADIA VALUES('2024-07-01', 'Luan Santos',          16955103265, 'Casa da Praia',          'AVENIDA IPIRINGA 345/PORTO SEGURO/BAHIA',           'Natalia Oliveira',     16993672546, '2024-07-11', '2024-01-11 20:55:33', 8, 14250,   1500,   250, NULL,                  0,      '2024-05-20 10:22:19');
INSERT INTO ESTADIA VALUES('2024-08-01', 'Natalia Oliveira',     16993672546, 'Casa do Morro',          'RUA PEDROSO 777/GOIANIA/GOAIS',                     'Luan Santos',          16955103265, '2024-08-06', '2024-05-02 21:34:55', 4, 3000,    300,    300, 'PROMOCAO2024',        600,    NULL);
INSERT INTO ESTADIA VALUES('2024-12-11', 'Giovana Ribeiro',      11995457902, 'Casa Dividida',          'AVENIDA PAULISTA 912/ARARAQUARA/SAO PAULO',         'Maria Jesus',          11936667450, '2024-12-21', '2024-02-15 09:12:59', 5, 4500,    900,    100, NULL,                  0,      NULL);
INSERT INTO ESTADIA VALUES('2024-10-15', 'Paula Correira',       19963128788, 'Apartamento Dividido',   'RUA GLICERIO 250/RIO DE JANEIRO/RIO DE JANEIRO',    'Fernanda Martins',     19993266929, '2024-11-01', '2024-03-28 12:11:41', 2, 5000,    1150,   100, NULL,                  0,      NULL);
INSERT INTO ESTADIA VALUES('2024-07-01', 'Laura Moreira',        13996400201, 'Casa Pe na Praia',       'RUA FLORA 881/NATAL/RIO GRANDE DO NORTE',           'Mariana Lopes',        16932708157, '2024-07-11', '2024-04-07 11:19:32', 3, 17500,   1950,   550, NULL,                  0,      '2024-05-07 17:30:02');
INSERT INTO ESTADIA VALUES('2024-10-10', 'Patricia Carvalho',    11992402367, 'Casa Bem Localizada',    'AVENIDA MOCCA 549/ANGRA DOS REIS/RIO DE JANEIRO',   'Carolina Ferreira',    11913335764, '2024-10-14', '2024-04-02 17:09:06', 7, 11000,   2000,   700, 'DESCONTOESPECIAL',    1600,   '2024-04-15 15:59:38');


INSERT INTO AVALIACAO VALUES('2024-01-13 20:15:01', 'Carolina Ferreira',    11913335764, 'Marcos Silva',         16988400409, 'Linda Casa de Campo',  'RUA GRAUNA 120/SAO PAULO/SAO PAULO',               NULL, 4, 5, 3, 2, 'Otima casa, muito bem organizada e limpa, preco bom tambem, mas a localizacao da casa fica a desejar, pois nao esta proximo de nenhum comercio.');
INSERT INTO AVALIACAO VALUES('2024-02-10 18:33:25', 'Mariana Lopes',        16932708157, 'Roberto Nascimento',   11755390409, 'Linda Casa do Lago',   'RUA VERDE 231/BELO HORIZONTE/MINAS GERAIS',        NULL, 3, 3, 2, 3, 'Casa boa, mas nada alem disso, precos, limpeza e localizacao sao ok, a comunicacao com o Roberto ficou a desejar, mas foi uma boa experiencia no geral.');
INSERT INTO AVALIACAO VALUES('2024-01-22 09:48:55', 'Fernanda Martins',     19993266929, 'Rodolfo Herrera',      13995398989, 'Casa de Ferias',       'AVENIDA ALMEIDA 555/JOINVILLE/SANTA CATARINA',     NULL, 5, 5, 5, 5, 'Excelente casa, muito bonita, muito grande, otimas camas, grande desconto dado pelo Rodolfo, que foi muito agradavel com nos, com certeza retornarei no futuro!!!');
INSERT INTO AVALIACAO VALUES('2024-02-21 22:10:19', 'Maria Jesus',          11936667450, 'Fernando Dias',        11990402367, 'Casa Grande',          'RUA BARRETO LEME 900/SAO CARLOS/SAO PAULO',        NULL, 5, 4, 3, 3, 'Otimo custo beneficio, a casa estava bem arrumada, tem uma boa localizacao e o Fernando respondeu nossas duvidas.');
INSERT INTO AVALIACAO VALUES('2024-02-11 16:06:04', 'Natalia Oliveira',     16993672546, 'Luan Santos',          16955103265, 'Casa da Praia',        'AVENIDA IPIRINGA 345/PORTO SEGURO/BAHIA',          NULL, 1, 5, 1, 5, 'A casa em si esta perfeita, otima organizacao e limpeza, mas o preco e o Luan deixaram a desejar, ambos estao muito fora da realidade, o preco estando o dobro do que deveria ser e o Luan sendo extremamente rude com todos.');
INSERT INTO AVALIACAO VALUES('2024-01-30 18:58:33', 'Luan Santos',          16955103265, 'Natalia Oliveira',     16993672546, 'Casa do Morro',        'RUA PEDROSO 777/GOIANIA/GOAIS',                    NULL, 5, 2, 5, 3, 'A limpeza da casa ficou a desejar, faltou em alguns quartos e banheiros, a Natalia foi muito cordial e ate nos deu um bom desconto.');
INSERT INTO AVALIACAO VALUES('2024-02-06 12:04:57', 'Vitor Gomes',          13991674270, 'Giovana Ribeiro',      11995457902, 'Casa Dividida',        'AVENIDA PAULISTA 912/ARARAQUARA/SAO PAULO',        NULL, 5, 5, 5, 1, 'Boa casa com bom preco e a Giovana respondeu todas as nossas duvidas rapidamente e atenciosamente, mas a localizacao ficou muito abaixo do resto, nao existe nada por perto.');
INSERT INTO AVALIACAO VALUES('2024-02-01 09:23:36', 'Lucas Alves',          11942807141, 'Paula Correira',       19963128788, 'Apartamento Dividido', 'RUA GLICERIO 250/RIO DE JANEIRO/RIO DE JANEIRO',   NULL, 5, 5, 1, 5, 'Casa maravilhosa, muito linda e limpa, com um belo preco e uma otima localizacao, mas a Paula ficou a desejar, nao respondeu nossas perguntas e atrasou no horario de check-in.');
INSERT INTO AVALIACAO VALUES('2024-01-29 10:33:28', 'Fagner Teixeira',      11955422349, 'Laura Moreira',        13996400201, 'Casa Pe na Praia',     'RUA FLORA 881/NATAL/RIO GRANDE DO NORTE',          NULL, 1, 1, 1, 1, 'Casa horrivel, extremamente suja, com varios moveis quebrados e eletrodomesticos nao funcionando, alem disso o preco da casa ficou insanamente alto e a Laura foi extremamente rude e grossa com as nossas reclamacoes, jamais voltarei nessa casa.');
INSERT INTO AVALIACAO VALUES('2024-02-18 23:55:44', 'Marcos Silva',         16988400409, 'Patricia Carvalho',    11992402367, 'Casa Bem Localizada',  'AVENIDA MOCCA 549/ANGRA DOS REIS/RIO DE JANEIRO',  NULL, 4, 5, 5, 5, 'Casa lindissima, limpissima, bem localizada, perto de tudo, a Patricia foi extremamente cordial com nos e ate nos deu um desconto, o unico probleminha seria que o preco ainda assim ficou um pouco alto demais.');

